,prompt,answer
0,Explain k-means clustering in 2 sentences.,"K-means clustering is an unsupervised machine learning algorithm that partitions the data into k clusters based on their similarities, where each cluster is represented by a centroid that is the mean of all the points in the cluster. The algorithm iteratively updates the centroids and reassigns the data points to the cluster with the closest centroid until the centroids no longer change, resulting in a set of clusters that best represent the underlying structure of the data."
1,What is better: linear Regression of k-NN Regression?,"Both Linear Regression and k-NN Regression are popular machine learning algorithms, but they have different strengths and weaknesses. The choice between them depends on the specific problem, data characteristics, and desired outcome. Here's a brief comparison:

**Linear Regression**

Pros:

1. **Interpretable results**: Linear regression provides coefficients that can be easily interpreted as the change in the response variable for a one-unit change in the predictor variable, while holding all other variables constant.
2. **Fast and efficient**: Linear regression is a simple and fast algorithm, making it suitable for large datasets.
3. **Good for continuous outcomes**: Linear regression is well-suited for continuous outcomes, such as stock prices or temperatures.

Cons:

1. **Assumes linearity**: Linear regression assumes a linear relationship between the predictor variables and the response variable, which might not always be the case.
2. **Sensitive to outliers**: Linear regression can be sensitive to outliers in the data, which can lead to poor performance.

**k"
2,Write a short poem about coffee.,"A warm and rich delight
Lies in the cup, a morning light
The aroma wafts, a sensual treat
As the flavors dance, my senses greet

The crema's smooth, the beans so fine
A perfect blend, a taste divine
The bitterness, a subtle art
A balance struck, a loving heart

In the morning's earliest hour
I crave this brew, this sweet power
To wake me up, to set me free
From slumber's grasp, to be me

So here's to coffee, a love so true
A daily ritual, a friendship anew
May its rich flavors forever stay
And guide me through life's busy day."
3,Explain the difference on how BeautifulSoup and Selenium conduct web scraping.,"BeautifulSoup and Selenium are two popular tools used for web scraping, but they differ in their approach and functionality. Here's a breakdown of the differences:

**BeautifulSoup:**

1. **HTML parsing**: BeautifulSoup is a Python library that parses HTML and XML documents, allowing you to navigate and search through the contents of web pages.
2. **DOM-based**: BeautifulSoup works with the Document Object Model (DOM) of a web page, which is a tree-like data structure that represents the structure of an HTML document.
3. **Fast and lightweight**: BeautifulSoup is a lightweight library that is fast and efficient, making it suitable for scraping large amounts of data.
4. **Limited interaction**: BeautifulSoup can only interact with the web page by parsing its HTML content, which means it can't execute JavaScript or interact with the web page in real-time.
5. **Best for static content**: BeautifulSoup is ideal for scraping static web pages that don't rely heavily on JavaScript or dynamic content.

**Selenium:**

"
